/****** Object:  Table [dbo].[State]    Script Date: 05/18/2013 14:17:27 ******/
SET IDENTITY_INSERT [dbo].[State] ON
INSERT [dbo].[State] ([Id], [Name], [Position],[IsSystem]) VALUES (1, N'New', 10, 1) -- Новая заявка
INSERT [dbo].[State] ([Id], [Name], [Position],[IsSystem]) VALUES (3, N'Cargo is not ready', 20, 0) -- Груз не готов
INSERT [dbo].[State] ([Id], [Name], [Position],[IsSystem]) VALUES (13, N'Factory does not respond', 30, 0) -- Фабрика не отвечает
INSERT [dbo].[State] ([Id], [Name], [Position],[IsSystem]) VALUES (2, N'Factory awaits payment', 40, 0) -- Фабрика ждет оплату
INSERT [dbo].[State] ([Id], [Name], [Position],[IsSystem]) VALUES (10, N'Factory cargo sent', 50, 1) -- Фабрика отправила груз
INSERT [dbo].[State] ([Id], [Name], [Position],[IsSystem]) VALUES (15, N'Cargo ready to pick up', 55, 0) -- Груз готов для забора
INSERT [dbo].[State] ([Id], [Name], [Position],[IsSystem]) VALUES (4, N'Cargo pick up', 60, 0) -- Груз забран на фабрике
INSERT [dbo].[State] ([Id], [Name], [Position],[IsSystem]) VALUES (6, N'Cargo in stock', 70, 1) -- Груз на складе
INSERT [dbo].[State] ([Id], [Name], [Position],[IsSystem]) VALUES (7, N'Cargo flew', 90, 1) -- Груз вылетел
INSERT [dbo].[State] ([Id], [Name], [Position],[IsSystem]) VALUES (8, N'Cargo at customs', 100, 1) -- Груз на таможне
INSERT [dbo].[State] ([Id], [Name], [Position],[IsSystem]) VALUES (9, N'Customs cleared cargo', 110, 1) -- Груз выпущен
INSERT [dbo].[State] ([Id], [Name], [Position],[IsSystem]) VALUES (12, N'On transit', 120, 1) -- На транзите
INSERT [dbo].[State] ([Id], [Name], [Position],[IsSystem]) VALUES (14, N'Stop', 130, 0) -- Груз на стопе
INSERT [dbo].[State] ([Id], [Name], [Position],[IsSystem]) VALUES (11, N'Cargo received', 140, 1) -- Груз получен
SET IDENTITY_INSERT [dbo].[State] OFF

/****** Object:  Table [dbo].[StateLocalization]    Script Date: 05/18/2013 14:17:27 ******/
INSERT [dbo].[StateLocalization] ([Name], [TwoLetterISOLanguageName], [StateId]) VALUES (N'Новая заявка', N'ru', 1);
INSERT [dbo].[StateLocalization] ([Name], [TwoLetterISOLanguageName], [StateId]) VALUES (N'Nuovo', N'it', 1)
INSERT [dbo].[StateLocalization] ([Name], [TwoLetterISOLanguageName], [StateId]) VALUES (N'New order', N'en', 1)
INSERT [dbo].[StateLocalization] ([Name], [TwoLetterISOLanguageName], [StateId]) VALUES (N'Фабрика ждет оплату', N'ru', 2)
INSERT [dbo].[StateLocalization] ([Name], [TwoLetterISOLanguageName], [StateId]) VALUES (N'Fabbrica attende il pagamento', N'it', 2)
INSERT [dbo].[StateLocalization] ([Name], [TwoLetterISOLanguageName], [StateId]) VALUES (N'Factory awaits payment', N'en', 2)
INSERT [dbo].[StateLocalization] ([Name], [TwoLetterISOLanguageName], [StateId]) VALUES (N'Груз не готов', N'ru', 3)
INSERT [dbo].[StateLocalization] ([Name], [TwoLetterISOLanguageName], [StateId]) VALUES (N'Car non è pronto', N'it', 3)
INSERT [dbo].[StateLocalization] ([Name], [TwoLetterISOLanguageName], [StateId]) VALUES (N'Car is not ready', N'en', 3)
INSERT [dbo].[StateLocalization] ([Name], [TwoLetterISOLanguageName], [StateId]) VALUES (N'Груз забран на фабрике', N'ru', 4)
INSERT [dbo].[StateLocalization] ([Name], [TwoLetterISOLanguageName], [StateId]) VALUES (N'Car è ritirata in fabbrica', N'it', 4)
INSERT [dbo].[StateLocalization] ([Name], [TwoLetterISOLanguageName], [StateId]) VALUES (N'Car is picked', N'en', 4)
INSERT [dbo].[StateLocalization] ([Name], [TwoLetterISOLanguageName], [StateId]) VALUES (N'Груз на складе', N'ru', 6)
INSERT [dbo].[StateLocalization] ([Name], [TwoLetterISOLanguageName], [StateId]) VALUES (N'Car in magazzino', N'it', 6)
INSERT [dbo].[StateLocalization] ([Name], [TwoLetterISOLanguageName], [StateId]) VALUES (N'Car in warehouse', N'en', 6)
INSERT [dbo].[StateLocalization] ([Name], [TwoLetterISOLanguageName], [StateId]) VALUES (N'Груз вылетел', N'ru', 7)
INSERT [dbo].[StateLocalization] ([Name], [TwoLetterISOLanguageName], [StateId]) VALUES (N'Car volò', N'it', 7)
INSERT [dbo].[StateLocalization] ([Name], [TwoLetterISOLanguageName], [StateId]) VALUES (N'Car departed', N'en', 7)
INSERT [dbo].[StateLocalization] ([Name], [TwoLetterISOLanguageName], [StateId]) VALUES (N'Груз на таможне', N'ru', 8)
INSERT [dbo].[StateLocalization] ([Name], [TwoLetterISOLanguageName], [StateId]) VALUES (N'Car alla dogana', N'it', 8)
INSERT [dbo].[StateLocalization] ([Name], [TwoLetterISOLanguageName], [StateId]) VALUES (N'Car at customs', N'en', 8)
INSERT [dbo].[StateLocalization] ([Name], [TwoLetterISOLanguageName], [StateId]) VALUES (N'Груз выпущен', N'ru', 9)
INSERT [dbo].[StateLocalization] ([Name], [TwoLetterISOLanguageName], [StateId]) VALUES (N'Sdoganate car', N'it', 9)
INSERT [dbo].[StateLocalization] ([Name], [TwoLetterISOLanguageName], [StateId]) VALUES (N'Customs cleared car', N'en', 9)
INSERT [dbo].[StateLocalization] ([Name], [TwoLetterISOLanguageName], [StateId]) VALUES (N'Фабрика отправила груз', N'ru', 10)
INSERT [dbo].[StateLocalization] ([Name], [TwoLetterISOLanguageName], [StateId]) VALUES (N'Carico di fabbrica inviato', N'it', 10)
INSERT [dbo].[StateLocalization] ([Name], [TwoLetterISOLanguageName], [StateId]) VALUES (N'Factory car sent', N'en', 10)
INSERT [dbo].[StateLocalization] ([Name], [TwoLetterISOLanguageName], [StateId]) VALUES (N'Груз получен', N'ru', 11)
INSERT [dbo].[StateLocalization] ([Name], [TwoLetterISOLanguageName], [StateId]) VALUES (N'Car ha ricevuto', N'it', 11)
INSERT [dbo].[StateLocalization] ([Name], [TwoLetterISOLanguageName], [StateId]) VALUES (N'Car received', N'en', 11)
INSERT [dbo].[StateLocalization] ([Name], [TwoLetterISOLanguageName], [StateId]) VALUES (N'На транзите', N'ru', 12)
INSERT [dbo].[StateLocalization] ([Name], [TwoLetterISOLanguageName], [StateId]) VALUES (N'Sul transito', N'it', 12)
INSERT [dbo].[StateLocalization] ([Name], [TwoLetterISOLanguageName], [StateId]) VALUES (N'On transit', N'en', 12)
INSERT [dbo].[StateLocalization] ([Name], [TwoLetterISOLanguageName], [StateId]) VALUES (N'Фабрика не отвечает', N'ru', 13)
INSERT [dbo].[StateLocalization] ([Name], [TwoLetterISOLanguageName], [StateId]) VALUES (N'Fabbrica non risponde', N'it', 13)
INSERT [dbo].[StateLocalization] ([Name], [TwoLetterISOLanguageName], [StateId]) VALUES (N'Factory does not respond', N'en', 13)
INSERT [dbo].[StateLocalization] ([Name], [TwoLetterISOLanguageName], [StateId]) VALUES (N'Груз на стопе', N'ru', 14)
INSERT [dbo].[StateLocalization] ([Name], [TwoLetterISOLanguageName], [StateId]) VALUES (N'Stop', N'it', 14)
INSERT [dbo].[StateLocalization] ([Name], [TwoLetterISOLanguageName], [StateId]) VALUES (N'Stop', N'en', 14)
INSERT [dbo].[StateLocalization] ([Name], [TwoLetterISOLanguageName], [StateId]) VALUES (N'Груз готов для забора', N'ru', 15)
INSERT [dbo].[StateLocalization] ([Name], [TwoLetterISOLanguageName], [StateId]) VALUES (N'Car ready to pick-up', N'it', 15)
INSERT [dbo].[StateLocalization] ([Name], [TwoLetterISOLanguageName], [StateId]) VALUES (N'Car ready to pick-up', N'en', 15)

/****** Object:  Table [dbo].[StateAvailability]    Script Date: 05/18/2013 14:17:27 ******/
INSERT [dbo].[StateAvailability] ([RoleId], [StateId]) VALUES (1, 1)
INSERT [dbo].[StateAvailability] ([RoleId], [StateId]) VALUES (1, 2)
INSERT [dbo].[StateAvailability] ([RoleId], [StateId]) VALUES (1, 3)
INSERT [dbo].[StateAvailability] ([RoleId], [StateId]) VALUES (1, 4)
INSERT [dbo].[StateAvailability] ([RoleId], [StateId]) VALUES (1, 6)
INSERT [dbo].[StateAvailability] ([RoleId], [StateId]) VALUES (1, 7)
INSERT [dbo].[StateAvailability] ([RoleId], [StateId]) VALUES (1, 8)
INSERT [dbo].[StateAvailability] ([RoleId], [StateId]) VALUES (1, 9)
INSERT [dbo].[StateAvailability] ([RoleId], [StateId]) VALUES (1, 10)
INSERT [dbo].[StateAvailability] ([RoleId], [StateId]) VALUES (1, 11)
INSERT [dbo].[StateAvailability] ([RoleId], [StateId]) VALUES (1, 12)
INSERT [dbo].[StateAvailability] ([RoleId], [StateId]) VALUES (1, 13)
INSERT [dbo].[StateAvailability] ([RoleId], [StateId]) VALUES (1, 14)
INSERT [dbo].[StateAvailability] ([RoleId], [StateId]) VALUES (1, 15)
INSERT [dbo].[StateAvailability] ([RoleId], [StateId]) VALUES (2, 1)
INSERT [dbo].[StateAvailability] ([RoleId], [StateId]) VALUES (2, 2)
INSERT [dbo].[StateAvailability] ([RoleId], [StateId]) VALUES (2, 3)
INSERT [dbo].[StateAvailability] ([RoleId], [StateId]) VALUES (2, 4)
INSERT [dbo].[StateAvailability] ([RoleId], [StateId]) VALUES (2, 6)
INSERT [dbo].[StateAvailability] ([RoleId], [StateId]) VALUES (2, 7)
INSERT [dbo].[StateAvailability] ([RoleId], [StateId]) VALUES (2, 10)
INSERT [dbo].[StateAvailability] ([RoleId], [StateId]) VALUES (2, 13)
INSERT [dbo].[StateAvailability] ([RoleId], [StateId]) VALUES (2, 15)
INSERT [dbo].[StateAvailability] ([RoleId], [StateId]) VALUES (3, 7)
INSERT [dbo].[StateAvailability] ([RoleId], [StateId]) VALUES (3, 8)
INSERT [dbo].[StateAvailability] ([RoleId], [StateId]) VALUES (3, 9)
INSERT [dbo].[StateAvailability] ([RoleId], [StateId]) VALUES (4, 9)
INSERT [dbo].[StateAvailability] ([RoleId], [StateId]) VALUES (4, 12)
INSERT [dbo].[StateAvailability] ([RoleId], [StateId]) VALUES (4, 14)
INSERT [dbo].[StateAvailability] ([RoleId], [StateId]) VALUES (5, 1)
INSERT [dbo].[StateAvailability] ([RoleId], [StateId]) VALUES (5, 11)
INSERT [dbo].[StateAvailability] ([RoleId], [StateId]) VALUES (5, 12)
INSERT [dbo].[StateAvailability] ([RoleId], [StateId]) VALUES (6, 9)
INSERT [dbo].[StateAvailability] ([RoleId], [StateId]) VALUES (6, 12)
INSERT [dbo].[StateAvailability] ([RoleId], [StateId]) VALUES (6, 14)

INSERT [dbo].[StateVisibility] ([RoleId], [StateId]) VALUES (1, 1)
INSERT [dbo].[StateVisibility] ([RoleId], [StateId]) VALUES (2, 1)
INSERT [dbo].[StateVisibility] ([RoleId], [StateId]) VALUES (5, 1)
INSERT [dbo].[StateVisibility] ([RoleId], [StateId]) VALUES (1, 2)
INSERT [dbo].[StateVisibility] ([RoleId], [StateId]) VALUES (2, 2)
INSERT [dbo].[StateVisibility] ([RoleId], [StateId]) VALUES (5, 2)
INSERT [dbo].[StateVisibility] ([RoleId], [StateId]) VALUES (1, 3)
INSERT [dbo].[StateVisibility] ([RoleId], [StateId]) VALUES (2, 3)
INSERT [dbo].[StateVisibility] ([RoleId], [StateId]) VALUES (5, 3)
INSERT [dbo].[StateVisibility] ([RoleId], [StateId]) VALUES (1, 4)
INSERT [dbo].[StateVisibility] ([RoleId], [StateId]) VALUES (2, 4)
INSERT [dbo].[StateVisibility] ([RoleId], [StateId]) VALUES (5, 4)
INSERT [dbo].[StateVisibility] ([RoleId], [StateId]) VALUES (1, 6)
INSERT [dbo].[StateVisibility] ([RoleId], [StateId]) VALUES (2, 6)
INSERT [dbo].[StateVisibility] ([RoleId], [StateId]) VALUES (5, 6)
INSERT [dbo].[StateVisibility] ([RoleId], [StateId]) VALUES (1, 7)
INSERT [dbo].[StateVisibility] ([RoleId], [StateId]) VALUES (2, 7)
INSERT [dbo].[StateVisibility] ([RoleId], [StateId]) VALUES (3, 7)
INSERT [dbo].[StateVisibility] ([RoleId], [StateId]) VALUES (5, 7)
INSERT [dbo].[StateVisibility] ([RoleId], [StateId]) VALUES (1, 8)
INSERT [dbo].[StateVisibility] ([RoleId], [StateId]) VALUES (2, 8)
INSERT [dbo].[StateVisibility] ([RoleId], [StateId]) VALUES (3, 8)
INSERT [dbo].[StateVisibility] ([RoleId], [StateId]) VALUES (5, 8)
INSERT [dbo].[StateVisibility] ([RoleId], [StateId]) VALUES (1, 9)
INSERT [dbo].[StateVisibility] ([RoleId], [StateId]) VALUES (2, 9)
INSERT [dbo].[StateVisibility] ([RoleId], [StateId]) VALUES (3, 9)
INSERT [dbo].[StateVisibility] ([RoleId], [StateId]) VALUES (5, 9)
INSERT [dbo].[StateVisibility] ([RoleId], [StateId]) VALUES (1, 10)
INSERT [dbo].[StateVisibility] ([RoleId], [StateId]) VALUES (2, 10)
INSERT [dbo].[StateVisibility] ([RoleId], [StateId]) VALUES (5, 10)
INSERT [dbo].[StateVisibility] ([RoleId], [StateId]) VALUES (1, 11)
INSERT [dbo].[StateVisibility] ([RoleId], [StateId]) VALUES (2, 11)
INSERT [dbo].[StateVisibility] ([RoleId], [StateId]) VALUES (5, 11)
INSERT [dbo].[StateVisibility] ([RoleId], [StateId]) VALUES (1, 12)
INSERT [dbo].[StateVisibility] ([RoleId], [StateId]) VALUES (2, 12)
INSERT [dbo].[StateVisibility] ([RoleId], [StateId]) VALUES (5, 12)
INSERT [dbo].[StateVisibility] ([RoleId], [StateId]) VALUES (1, 13)
INSERT [dbo].[StateVisibility] ([RoleId], [StateId]) VALUES (2, 13)
INSERT [dbo].[StateVisibility] ([RoleId], [StateId]) VALUES (5, 13)
INSERT [dbo].[StateVisibility] ([RoleId], [StateId]) VALUES (1, 14)
INSERT [dbo].[StateVisibility] ([RoleId], [StateId]) VALUES (2, 14)
INSERT [dbo].[StateVisibility] ([RoleId], [StateId]) VALUES (5, 14)
INSERT [dbo].[StateVisibility] ([RoleId], [StateId]) VALUES (1, 15)
INSERT [dbo].[StateVisibility] ([RoleId], [StateId]) VALUES (2, 15)
INSERT [dbo].[StateVisibility] ([RoleId], [StateId]) VALUES (5, 15)
INSERT [dbo].[StateVisibility] ([RoleId], [StateId]) VALUES (4, 7)
INSERT [dbo].[StateVisibility] ([RoleId], [StateId]) VALUES (4, 8)
INSERT [dbo].[StateVisibility] ([RoleId], [StateId]) VALUES (4, 9)
INSERT [dbo].[StateVisibility] ([RoleId], [StateId]) VALUES (4, 11)
INSERT [dbo].[StateVisibility] ([RoleId], [StateId]) VALUES (4, 12)
INSERT [dbo].[StateVisibility] ([RoleId], [StateId]) VALUES (4, 14)
INSERT [dbo].[StateVisibility] ([RoleId], [StateId]) VALUES (6, 7)
INSERT [dbo].[StateVisibility] ([RoleId], [StateId]) VALUES (6, 8)
INSERT [dbo].[StateVisibility] ([RoleId], [StateId]) VALUES (6, 9)
INSERT [dbo].[StateVisibility] ([RoleId], [StateId]) VALUES (6, 11)
INSERT [dbo].[StateVisibility] ([RoleId], [StateId]) VALUES (6, 12)
INSERT [dbo].[StateVisibility] ([RoleId], [StateId]) VALUES (6, 14)