/****** Object:  Table [dbo].[State]    Script Date: 05/18/2013 14:17:27 ******/
SET IDENTITY_INSERT [dbo].[State] ON
INSERT [dbo].[State] ([Id], [Name], [Position]) VALUES (1, N'New', 10) -- Новая заявка
INSERT [dbo].[State] ([Id], [Name], [Position]) VALUES (3, N'Cargo is not ready', 20) -- Груз не готов
INSERT [dbo].[State] ([Id], [Name], [Position]) VALUES (13, N'Factory does not respond', 30) -- Фабрика не отвечает
INSERT [dbo].[State] ([Id], [Name], [Position]) VALUES (2, N'Factory awaits payment', 40) -- Фабрика ждет оплату
INSERT [dbo].[State] ([Id], [Name], [Position]) VALUES (10, N'Factory cargo sent', 50) -- Фабрика отправила груз
INSERT [dbo].[State] ([Id], [Name], [Position]) VALUES (15, N'Cargo ready to pick-up', 55) -- Груз готов для забора
INSERT [dbo].[State] ([Id], [Name], [Position]) VALUES (4, N'Cargo withdraw', 60) -- Груз забран на фабрике
INSERT [dbo].[State] ([Id], [Name], [Position]) VALUES (6, N'Cargo in stock', 70) -- Груз на складе
INSERT [dbo].[State] ([Id], [Name], [Position]) VALUES (7, N'Cargo flew', 90) -- Груз вылетел
INSERT [dbo].[State] ([Id], [Name], [Position]) VALUES (8, N'Cargo at customs', 100) -- Груз на таможне
INSERT [dbo].[State] ([Id], [Name], [Position]) VALUES (9, N'Customs cleared cargo', 110) -- Груз выпущен
INSERT [dbo].[State] ([Id], [Name], [Position]) VALUES (12, N'On transit', 120) -- На транзите
INSERT [dbo].[State] ([Id], [Name], [Position]) VALUES (14, N'Stop', 130) -- Груз на стопе
INSERT [dbo].[State] ([Id], [Name], [Position]) VALUES (11, N'Cargo received', 140) -- Груз получен
SET IDENTITY_INSERT [dbo].[State] OFF
/****** Object:  Table [dbo].[User]    Script Date: 05/18/2013 14:17:27 ******/
SET IDENTITY_INSERT [dbo].[User] ON;
BEGIN TRANSACTION;
INSERT INTO [dbo].[User]([Id], [Login], [PasswordHash], [PasswordSalt], [TwoLetterISOLanguageName])
SELECT 1, N'Admin', 0xD620502F233C7DE84C19612F3BFB3C9AF4F18485B8E4D7F3A0C82CBE8E75B0A3, 0x811BE7CE29ABCC4CABF9628D1FEBF5FB, N'ru' UNION ALL
SELECT 2, N'Broker', 0x98920C44039CADB7F0D7A9A784AF89E715AE3B956B559D758C0B6A4F41D27A0E, 0xCD44B21CC1C2D94FAE61E35D83B38BC1, N'ru' UNION ALL
SELECT 3, N'Forwarder', 0xB9CBD42D8C848D09917995045022ECADF7789301E24DD84F6AD05D574368A056, 0x911C9CB1AE955341A11C4E6EB4A4013B, N'ru' UNION ALL
SELECT 4, N'Sender', 0x72CCEE115CA2264BAF818D81ACC90AFE1343CEC1C21B98B6A31A6DF0EBDFF0F5, 0x929F9FA36D67C242A4113CBE6A49952A, N'ru'
COMMIT;
SET IDENTITY_INSERT [dbo].[User] OFF;
/****** Object:  Table [dbo].[StateLocalization]    Script Date: 05/18/2013 14:17:27 ******/
INSERT [dbo].[StateLocalization] ([Name], [TwoLetterISOLanguageName], [StateId]) VALUES (N'Новая заявка', N'ru', 1);
INSERT [dbo].[StateLocalization] ([Name], [TwoLetterISOLanguageName], [StateId]) VALUES (N'Nuovo', N'it', 1)
INSERT [dbo].[StateLocalization] ([Name], [TwoLetterISOLanguageName], [StateId]) VALUES (N'New order', N'en', 1)
INSERT [dbo].[StateLocalization] ([Name], [TwoLetterISOLanguageName], [StateId]) VALUES (N'Фабрика ждет оплату', N'ru', 2)
INSERT [dbo].[StateLocalization] ([Name], [TwoLetterISOLanguageName], [StateId]) VALUES (N'Fabbrica attende il pagamento', N'it', 2)
INSERT [dbo].[StateLocalization] ([Name], [TwoLetterISOLanguageName], [StateId]) VALUES (N'Factory awaits payment', N'en', 2)
INSERT [dbo].[StateLocalization] ([Name], [TwoLetterISOLanguageName], [StateId]) VALUES (N'Груз не готов', N'ru', 3)
INSERT [dbo].[StateLocalization] ([Name], [TwoLetterISOLanguageName], [StateId]) VALUES (N'Car non è pronto', N'it', 3)
INSERT [dbo].[StateLocalization] ([Name], [TwoLetterISOLanguageName], [StateId]) VALUES (N'Car is not ready', N'en', 3)
INSERT [dbo].[StateLocalization] ([Name], [TwoLetterISOLanguageName], [StateId]) VALUES (N'Груз забран на фабрике', N'ru', 4)
INSERT [dbo].[StateLocalization] ([Name], [TwoLetterISOLanguageName], [StateId]) VALUES (N'Car è ritirata in fabbrica', N'it', 4)
INSERT [dbo].[StateLocalization] ([Name], [TwoLetterISOLanguageName], [StateId]) VALUES (N'Car is picked', N'en', 4)
INSERT [dbo].[StateLocalization] ([Name], [TwoLetterISOLanguageName], [StateId]) VALUES (N'Груз на складе', N'ru', 6)
INSERT [dbo].[StateLocalization] ([Name], [TwoLetterISOLanguageName], [StateId]) VALUES (N'Car in magazzino', N'it', 6)
INSERT [dbo].[StateLocalization] ([Name], [TwoLetterISOLanguageName], [StateId]) VALUES (N'Car in warehouse', N'en', 6)
INSERT [dbo].[StateLocalization] ([Name], [TwoLetterISOLanguageName], [StateId]) VALUES (N'Груз вылетел', N'ru', 7)
INSERT [dbo].[StateLocalization] ([Name], [TwoLetterISOLanguageName], [StateId]) VALUES (N'Car volò', N'it', 7)
INSERT [dbo].[StateLocalization] ([Name], [TwoLetterISOLanguageName], [StateId]) VALUES (N'Car departed', N'en', 7)
INSERT [dbo].[StateLocalization] ([Name], [TwoLetterISOLanguageName], [StateId]) VALUES (N'Груз на таможне', N'ru', 8)
INSERT [dbo].[StateLocalization] ([Name], [TwoLetterISOLanguageName], [StateId]) VALUES (N'Car alla dogana', N'it', 8)
INSERT [dbo].[StateLocalization] ([Name], [TwoLetterISOLanguageName], [StateId]) VALUES (N'Car at customs', N'en', 8)
INSERT [dbo].[StateLocalization] ([Name], [TwoLetterISOLanguageName], [StateId]) VALUES (N'Груз выпущен', N'ru', 9)
INSERT [dbo].[StateLocalization] ([Name], [TwoLetterISOLanguageName], [StateId]) VALUES (N'Sdoganate car', N'it', 9)
INSERT [dbo].[StateLocalization] ([Name], [TwoLetterISOLanguageName], [StateId]) VALUES (N'Customs cleared car', N'en', 9)
INSERT [dbo].[StateLocalization] ([Name], [TwoLetterISOLanguageName], [StateId]) VALUES (N'Фабрика отправила груз', N'ru', 10)
INSERT [dbo].[StateLocalization] ([Name], [TwoLetterISOLanguageName], [StateId]) VALUES (N'Carico di fabbrica inviato', N'it', 10)
INSERT [dbo].[StateLocalization] ([Name], [TwoLetterISOLanguageName], [StateId]) VALUES (N'Factory car sent', N'en', 10)
INSERT [dbo].[StateLocalization] ([Name], [TwoLetterISOLanguageName], [StateId]) VALUES (N'Груз получен', N'ru', 11)
INSERT [dbo].[StateLocalization] ([Name], [TwoLetterISOLanguageName], [StateId]) VALUES (N'Car ha ricevuto', N'it', 11)
INSERT [dbo].[StateLocalization] ([Name], [TwoLetterISOLanguageName], [StateId]) VALUES (N'Car received', N'en', 11)
INSERT [dbo].[StateLocalization] ([Name], [TwoLetterISOLanguageName], [StateId]) VALUES (N'На транзите', N'ru', 12)
INSERT [dbo].[StateLocalization] ([Name], [TwoLetterISOLanguageName], [StateId]) VALUES (N'Sul transito', N'it', 12)
INSERT [dbo].[StateLocalization] ([Name], [TwoLetterISOLanguageName], [StateId]) VALUES (N'On transit', N'en', 12)
INSERT [dbo].[StateLocalization] ([Name], [TwoLetterISOLanguageName], [StateId]) VALUES (N'Фабрика не отвечает', N'ru', 13)
INSERT [dbo].[StateLocalization] ([Name], [TwoLetterISOLanguageName], [StateId]) VALUES (N'Fabbrica non risponde', N'it', 13)
INSERT [dbo].[StateLocalization] ([Name], [TwoLetterISOLanguageName], [StateId]) VALUES (N'Factory does not respond', N'en', 13)
INSERT [dbo].[StateLocalization] ([Name], [TwoLetterISOLanguageName], [StateId]) VALUES (N'Груз на стопе', N'ru', 14)
INSERT [dbo].[StateLocalization] ([Name], [TwoLetterISOLanguageName], [StateId]) VALUES (N'Stop', N'it', 14)
INSERT [dbo].[StateLocalization] ([Name], [TwoLetterISOLanguageName], [StateId]) VALUES (N'Stop', N'en', 14)
INSERT [dbo].[StateLocalization] ([Name], [TwoLetterISOLanguageName], [StateId]) VALUES (N'Груз готов для забора', N'ru', 15)
INSERT [dbo].[StateLocalization] ([Name], [TwoLetterISOLanguageName], [StateId]) VALUES (N'Car ready to pick-up', N'it', 15)
INSERT [dbo].[StateLocalization] ([Name], [TwoLetterISOLanguageName], [StateId]) VALUES (N'Car ready to pick-up', N'en', 15)
/****** Object:  Table [dbo].[Broker]    Script Date: 05/18/2013 14:17:27 ******/
SET IDENTITY_INSERT [dbo].[Broker] ON
INSERT [dbo].[Broker] ([Id], [UserId], [Name], [Email]) VALUES (1, 2, N'Broker', N'Broker@timez.org')
SET IDENTITY_INSERT [dbo].[Broker] OFF
/****** Object:  Table [dbo].[AvailableState]    Script Date: 05/18/2013 14:17:27 ******/
INSERT [dbo].[AvailableState] ([RoleId], [StateId]) VALUES (1, 1)
INSERT [dbo].[AvailableState] ([RoleId], [StateId]) VALUES (2, 1)
INSERT [dbo].[AvailableState] ([RoleId], [StateId]) VALUES (5, 1)
INSERT [dbo].[AvailableState] ([RoleId], [StateId]) VALUES (1, 2)
INSERT [dbo].[AvailableState] ([RoleId], [StateId]) VALUES (2, 2)
INSERT [dbo].[AvailableState] ([RoleId], [StateId]) VALUES (1, 3)
INSERT [dbo].[AvailableState] ([RoleId], [StateId]) VALUES (2, 3)
INSERT [dbo].[AvailableState] ([RoleId], [StateId]) VALUES (1, 4)
INSERT [dbo].[AvailableState] ([RoleId], [StateId]) VALUES (2, 4)
INSERT [dbo].[AvailableState] ([RoleId], [StateId]) VALUES (1, 6)
INSERT [dbo].[AvailableState] ([RoleId], [StateId]) VALUES (2, 6)
INSERT [dbo].[AvailableState] ([RoleId], [StateId]) VALUES (1, 7)
INSERT [dbo].[AvailableState] ([RoleId], [StateId]) VALUES (1, 8)
INSERT [dbo].[AvailableState] ([RoleId], [StateId]) VALUES (1, 9)
INSERT [dbo].[AvailableState] ([RoleId], [StateId]) VALUES (4, 9)
INSERT [dbo].[AvailableState] ([RoleId], [StateId]) VALUES (1, 10)
INSERT [dbo].[AvailableState] ([RoleId], [StateId]) VALUES (2, 10)
INSERT [dbo].[AvailableState] ([RoleId], [StateId]) VALUES (1, 11)
INSERT [dbo].[AvailableState] ([RoleId], [StateId]) VALUES (5, 11)
INSERT [dbo].[AvailableState] ([RoleId], [StateId]) VALUES (1, 12)
INSERT [dbo].[AvailableState] ([RoleId], [StateId]) VALUES (4, 12)
INSERT [dbo].[AvailableState] ([RoleId], [StateId]) VALUES (5, 12)
INSERT [dbo].[AvailableState] ([RoleId], [StateId]) VALUES (1, 13)
INSERT [dbo].[AvailableState] ([RoleId], [StateId]) VALUES (2, 13)
INSERT [dbo].[AvailableState] ([RoleId], [StateId]) VALUES (1, 14)
INSERT [dbo].[AvailableState] ([RoleId], [StateId]) VALUES (4, 14)
INSERT [dbo].[AvailableState] ([RoleId], [StateId]) VALUES (1, 15)
INSERT [dbo].[AvailableState] ([RoleId], [StateId]) VALUES (2, 15)

INSERT [dbo].[VisibleState] ([RoleId], [StateId]) VALUES (1, 1)
INSERT [dbo].[VisibleState] ([RoleId], [StateId]) VALUES (2, 1)
INSERT [dbo].[VisibleState] ([RoleId], [StateId]) VALUES (5, 1)
INSERT [dbo].[VisibleState] ([RoleId], [StateId]) VALUES (1, 2)
INSERT [dbo].[VisibleState] ([RoleId], [StateId]) VALUES (2, 2)
INSERT [dbo].[VisibleState] ([RoleId], [StateId]) VALUES (5, 2)
INSERT [dbo].[VisibleState] ([RoleId], [StateId]) VALUES (1, 3)
INSERT [dbo].[VisibleState] ([RoleId], [StateId]) VALUES (2, 3)
INSERT [dbo].[VisibleState] ([RoleId], [StateId]) VALUES (5, 3)
INSERT [dbo].[VisibleState] ([RoleId], [StateId]) VALUES (1, 4)
INSERT [dbo].[VisibleState] ([RoleId], [StateId]) VALUES (2, 4)
INSERT [dbo].[VisibleState] ([RoleId], [StateId]) VALUES (5, 4)
INSERT [dbo].[VisibleState] ([RoleId], [StateId]) VALUES (1, 6)
INSERT [dbo].[VisibleState] ([RoleId], [StateId]) VALUES (2, 6)
INSERT [dbo].[VisibleState] ([RoleId], [StateId]) VALUES (5, 6)
INSERT [dbo].[VisibleState] ([RoleId], [StateId]) VALUES (1, 7)
INSERT [dbo].[VisibleState] ([RoleId], [StateId]) VALUES (2, 7)
INSERT [dbo].[VisibleState] ([RoleId], [StateId]) VALUES (3, 7)
INSERT [dbo].[VisibleState] ([RoleId], [StateId]) VALUES (4, 7)
INSERT [dbo].[VisibleState] ([RoleId], [StateId]) VALUES (5, 7)
INSERT [dbo].[VisibleState] ([RoleId], [StateId]) VALUES (1, 8)
INSERT [dbo].[VisibleState] ([RoleId], [StateId]) VALUES (2, 8)
INSERT [dbo].[VisibleState] ([RoleId], [StateId]) VALUES (3, 8)
INSERT [dbo].[VisibleState] ([RoleId], [StateId]) VALUES (4, 8)
INSERT [dbo].[VisibleState] ([RoleId], [StateId]) VALUES (5, 8)
INSERT [dbo].[VisibleState] ([RoleId], [StateId]) VALUES (1, 9)
INSERT [dbo].[VisibleState] ([RoleId], [StateId]) VALUES (2, 9)
INSERT [dbo].[VisibleState] ([RoleId], [StateId]) VALUES (3, 9)
INSERT [dbo].[VisibleState] ([RoleId], [StateId]) VALUES (4, 9)
INSERT [dbo].[VisibleState] ([RoleId], [StateId]) VALUES (5, 9)
INSERT [dbo].[VisibleState] ([RoleId], [StateId]) VALUES (1, 10)
INSERT [dbo].[VisibleState] ([RoleId], [StateId]) VALUES (2, 10)
INSERT [dbo].[VisibleState] ([RoleId], [StateId]) VALUES (5, 10)
INSERT [dbo].[VisibleState] ([RoleId], [StateId]) VALUES (1, 11)
INSERT [dbo].[VisibleState] ([RoleId], [StateId]) VALUES (2, 11)
INSERT [dbo].[VisibleState] ([RoleId], [StateId]) VALUES (5, 11)
INSERT [dbo].[VisibleState] ([RoleId], [StateId]) VALUES (1, 12)
INSERT [dbo].[VisibleState] ([RoleId], [StateId]) VALUES (2, 12)
INSERT [dbo].[VisibleState] ([RoleId], [StateId]) VALUES (4, 12)
INSERT [dbo].[VisibleState] ([RoleId], [StateId]) VALUES (5, 12)
INSERT [dbo].[VisibleState] ([RoleId], [StateId]) VALUES (1, 13)
INSERT [dbo].[VisibleState] ([RoleId], [StateId]) VALUES (2, 13)
INSERT [dbo].[VisibleState] ([RoleId], [StateId]) VALUES (5, 13)
INSERT [dbo].[VisibleState] ([RoleId], [StateId]) VALUES (1, 14)
INSERT [dbo].[VisibleState] ([RoleId], [StateId]) VALUES (2, 14)
INSERT [dbo].[VisibleState] ([RoleId], [StateId]) VALUES (4, 14)
INSERT [dbo].[VisibleState] ([RoleId], [StateId]) VALUES (5, 14)
INSERT [dbo].[VisibleState] ([RoleId], [StateId]) VALUES (1, 15)
INSERT [dbo].[VisibleState] ([RoleId], [StateId]) VALUES (2, 15)
INSERT [dbo].[VisibleState] ([RoleId], [StateId]) VALUES (5, 15)

/****** Object:  Table [dbo].[Admin]    Script Date: 05/18/2013 14:17:27 ******/
SET IDENTITY_INSERT [dbo].[Admin] ON
INSERT [dbo].[Admin] ([Id], [UserId], [Name], [Email]) VALUES (1, 1, N'Admin', N'Admin@timez.org')
SET IDENTITY_INSERT [dbo].[Admin] OFF
/****** Object:  Table [dbo].[Forwarder]    Script Date: 05/18/2013 14:17:27 ******/
SET IDENTITY_INSERT [dbo].[Forwarder] ON
INSERT [dbo].[Forwarder] ([Id], [UserId], [Name], [Email]) VALUES (1, 3, N'Forwarder', N'Forwarder@timez.org')
SET IDENTITY_INSERT [dbo].[Forwarder] OFF
/****** Object:  Table [dbo].[Sender]    Script Date: 05/18/2013 14:17:27 ******/
SET IDENTITY_INSERT [dbo].[Sender] ON
INSERT [dbo].[Sender] ([Id], [UserId], [Name], [Email]) VALUES (1, 4, N'Sender', N'Sender@timez.org')
SET IDENTITY_INSERT [dbo].[Sender] OFF

INSERT [dbo].[Country] ([Name_En], [Name_Ru], [Code]) VALUES (N'Abkhazia', N'Абхазия', N'  ')
INSERT [dbo].[Country] ([Name_En], [Name_Ru], [Code]) VALUES (N'Afghanistan', N'Афганистан', N'AF')
INSERT [dbo].[Country] ([Name_En], [Name_Ru], [Code]) VALUES (N'Aland Islands', N'Аландские острова', N'AX')
INSERT [dbo].[Country] ([Name_En], [Name_Ru], [Code]) VALUES (N'Albania', N'Албания', N'AL')
INSERT [dbo].[Country] ([Name_En], [Name_Ru], [Code]) VALUES (N'Algeria', N'Алжир', N'DZ')
INSERT [dbo].[Country] ([Name_En], [Name_Ru], [Code]) VALUES (N'American Samoa', N'Американское Самоа', N'AS')
INSERT [dbo].[Country] ([Name_En], [Name_Ru], [Code]) VALUES (N'Andorra', N'Андорра', N'AD')
INSERT [dbo].[Country] ([Name_En], [Name_Ru], [Code]) VALUES (N'Angola', N'Ангола', N'AO')
INSERT [dbo].[Country] ([Name_En], [Name_Ru], [Code]) VALUES (N'Anguilla', N'Ангилья', N'AI')
INSERT [dbo].[Country] ([Name_En], [Name_Ru], [Code]) VALUES (N'Antarctica', N'Антарктика', N'AQ')
INSERT [dbo].[Country] ([Name_En], [Name_Ru], [Code]) VALUES (N'Antigua and Barbuda', N'Антигуа и Барбуда', N'AG')
INSERT [dbo].[Country] ([Name_En], [Name_Ru], [Code]) VALUES (N'Argentina', N'Аргентина', N'AR')
INSERT [dbo].[Country] ([Name_En], [Name_Ru], [Code]) VALUES (N'Armenia', N'Армения', N'AM')
INSERT [dbo].[Country] ([Name_En], [Name_Ru], [Code]) VALUES (N'Aruba', N'Аруба', N'AW')
INSERT [dbo].[Country] ([Name_En], [Name_Ru], [Code]) VALUES (N'Australia', N'Австралия', N'AU')
INSERT [dbo].[Country] ([Name_En], [Name_Ru], [Code]) VALUES (N'Austria', N'Австрия', N'AT')
INSERT [dbo].[Country] ([Name_En], [Name_Ru], [Code]) VALUES (N'Azerbaijan', N'Азербайджан', N'AZ')
INSERT [dbo].[Country] ([Name_En], [Name_Ru], [Code]) VALUES (N'Azores', N'Азорские острова', N'PT')
INSERT [dbo].[Country] ([Name_En], [Name_Ru], [Code]) VALUES (N'Bahamas', N'Багамские Острова', N'BS')
INSERT [dbo].[Country] ([Name_En], [Name_Ru], [Code]) VALUES (N'Bahrain', N'Бахрейн', N'BH')
INSERT [dbo].[Country] ([Name_En], [Name_Ru], [Code]) VALUES (N'Bangladesh', N'Бангладеш', N'BD')
INSERT [dbo].[Country] ([Name_En], [Name_Ru], [Code]) VALUES (N'Barbados', N'Барбадос', N'BB')
INSERT [dbo].[Country] ([Name_En], [Name_Ru], [Code]) VALUES (N'Belarus', N'Беларусь', N'BY')
INSERT [dbo].[Country] ([Name_En], [Name_Ru], [Code]) VALUES (N'Belgium', N'Бельгия', N'BE')
INSERT [dbo].[Country] ([Name_En], [Name_Ru], [Code]) VALUES (N'Belize', N'Белиз', N'BZ')
INSERT [dbo].[Country] ([Name_En], [Name_Ru], [Code]) VALUES (N'Benin', N'Бенин', N'BJ')
INSERT [dbo].[Country] ([Name_En], [Name_Ru], [Code]) VALUES (N'Bermuda', N'Бермудские Острова', N'BM')
INSERT [dbo].[Country] ([Name_En], [Name_Ru], [Code]) VALUES (N'Bolivia', N'Боливия', N'BO')
INSERT [dbo].[Country] ([Name_En], [Name_Ru], [Code]) VALUES (N'Bosnia-Herzegovina', N'Босния и Герцеговина', N'BA')
INSERT [dbo].[Country] ([Name_En], [Name_Ru], [Code]) VALUES (N'Botswana', N'Ботсвана', N'BW')
INSERT [dbo].[Country] ([Name_En], [Name_Ru], [Code]) VALUES (N'Bouvet Island', N'Буве', N'BV')
INSERT [dbo].[Country] ([Name_En], [Name_Ru], [Code]) VALUES (N'Brazil', N'Бразилия', N'BR')
INSERT [dbo].[Country] ([Name_En], [Name_Ru], [Code]) VALUES (N'British Indian Ocean Territory', N'Британская территория в Индийском океане', N'IO')
INSERT [dbo].[Country] ([Name_En], [Name_Ru], [Code]) VALUES (N'Brunei Darussalam', N'Бруней', N'BN')
INSERT [dbo].[Country] ([Name_En], [Name_Ru], [Code]) VALUES (N'Bulgaria', N'Болгария', N'BG')
INSERT [dbo].[Country] ([Name_En], [Name_Ru], [Code]) VALUES (N'Burkina Faso', N'Буркина-Фасо', N'BF')
INSERT [dbo].[Country] ([Name_En], [Name_Ru], [Code]) VALUES (N'Burundi', N'Бурунди', N'BI')
INSERT [dbo].[Country] ([Name_En], [Name_Ru], [Code]) VALUES (N'Buthan', N'Бутан', N'BT')
INSERT [dbo].[Country] ([Name_En], [Name_Ru], [Code]) VALUES (N'Cambodia', N'Камбоджа', N'KH')
INSERT [dbo].[Country] ([Name_En], [Name_Ru], [Code]) VALUES (N'Cameroon', N'Камерун', N'CM')
INSERT [dbo].[Country] ([Name_En], [Name_Ru], [Code]) VALUES (N'Canada', N'Канада', N'CA')
INSERT [dbo].[Country] ([Name_En], [Name_Ru], [Code]) VALUES (N'Cape Verde', N'Кабо-Верде', N'CV')
INSERT [dbo].[Country] ([Name_En], [Name_Ru], [Code]) VALUES (N'Cayman Islands', N'Каймановы Острова', N'KY')
INSERT [dbo].[Country] ([Name_En], [Name_Ru], [Code]) VALUES (N'Central African Rep.', N'Центральноафриканская Республика', N'CF')
INSERT [dbo].[Country] ([Name_En], [Name_Ru], [Code]) VALUES (N'Chad', N'Чад', N'TD')
INSERT [dbo].[Country] ([Name_En], [Name_Ru], [Code]) VALUES (N'Chile', N'Чили', N'CL')
INSERT [dbo].[Country] ([Name_En], [Name_Ru], [Code]) VALUES (N'China', N'Китай', N'CN')
INSERT [dbo].[Country] ([Name_En], [Name_Ru], [Code]) VALUES (N'Christmas Island', N'Остров Рождества', N'CX')
INSERT [dbo].[Country] ([Name_En], [Name_Ru], [Code]) VALUES (N'Cocos (Keeling) Isl.', N'Кокосовые Острова', N'CC')
INSERT [dbo].[Country] ([Name_En], [Name_Ru], [Code]) VALUES (N'Colombia', N'Колумбия', N'CO')
INSERT [dbo].[Country] ([Name_En], [Name_Ru], [Code]) VALUES (N'Comoros', N'Коморские Острова', N'KM')
INSERT [dbo].[Country] ([Name_En], [Name_Ru], [Code]) VALUES (N'Cook Islands', N'Кука острова', N'CK')
INSERT [dbo].[Country] ([Name_En], [Name_Ru], [Code]) VALUES (N'Costa Rica', N'Коста-Рика', N'CR')
INSERT [dbo].[Country] ([Name_En], [Name_Ru], [Code]) VALUES (N'Croatia', N'Хорватия', N'HR')
INSERT [dbo].[Country] ([Name_En], [Name_Ru], [Code]) VALUES (N'Cuba', N'Куба', N'CU')
INSERT [dbo].[Country] ([Name_En], [Name_Ru], [Code]) VALUES (N'Cyprus', N'Кипр', N'CY')
INSERT [dbo].[Country] ([Name_En], [Name_Ru], [Code]) VALUES (N'Czech Republic', N'Чехия', N'CZ')
INSERT [dbo].[Country] ([Name_En], [Name_Ru], [Code]) VALUES (N'Democratic Republic of the Congo', N'Конго, Демократическая Республика', N'CD')
INSERT [dbo].[Country] ([Name_En], [Name_Ru], [Code]) VALUES (N'Denmark', N'Дания', N'DK')
INSERT [dbo].[Country] ([Name_En], [Name_Ru], [Code]) VALUES (N'Djibouti', N'Джибути', N'DJ')
INSERT [dbo].[Country] ([Name_En], [Name_Ru], [Code]) VALUES (N'Dominica', N'Доминика', N'DM')
INSERT [dbo].[Country] ([Name_En], [Name_Ru], [Code]) VALUES (N'Dominican Republic', N'Доминиканская Республика', N'DO')
INSERT [dbo].[Country] ([Name_En], [Name_Ru], [Code]) VALUES (N'East Timor', N'Восточный Тимор', N'TP')
INSERT [dbo].[Country] ([Name_En], [Name_Ru], [Code]) VALUES (N'Ecuador', N'Эквадор', N'EC')
INSERT [dbo].[Country] ([Name_En], [Name_Ru], [Code]) VALUES (N'Egypt', N'Египет', N'EG')
INSERT [dbo].[Country] ([Name_En], [Name_Ru], [Code]) VALUES (N'El Salvador', N'Сальвадор', N'SV')
INSERT [dbo].[Country] ([Name_En], [Name_Ru], [Code]) VALUES (N'Equatorial Guinea', N'Экваториальная Гвинея', N'GQ')
INSERT [dbo].[Country] ([Name_En], [Name_Ru], [Code]) VALUES (N'Eritrea', N'Эритрея', N'ER')
INSERT [dbo].[Country] ([Name_En], [Name_Ru], [Code]) VALUES (N'Estonia', N'Эстония', N'EE')
INSERT [dbo].[Country] ([Name_En], [Name_Ru], [Code]) VALUES (N'Ethiopia', N'Эфиопия', N'ET')
INSERT [dbo].[Country] ([Name_En], [Name_Ru], [Code]) VALUES (N'Falkland Islands', N'Фолклендские (Мальвинские) острова', N'FK')
INSERT [dbo].[Country] ([Name_En], [Name_Ru], [Code]) VALUES (N'Faroe Islands', N'Фарерские Острова', N'FO')
INSERT [dbo].[Country] ([Name_En], [Name_Ru], [Code]) VALUES (N'Fiji', N'Фиджи', N'FJ')
INSERT [dbo].[Country] ([Name_En], [Name_Ru], [Code]) VALUES (N'Finland', N'Финляндия', N'FI')
INSERT [dbo].[Country] ([Name_En], [Name_Ru], [Code]) VALUES (N'France', N'Франция', N'FR')
INSERT [dbo].[Country] ([Name_En], [Name_Ru], [Code]) VALUES (N'French Polynesia', N'Французская Полинезия', N'PF')
INSERT [dbo].[Country] ([Name_En], [Name_Ru], [Code]) VALUES (N'French Southern and Antarctic Lands', N'Французские Южные и Антарктические Территории', N'TF')
INSERT [dbo].[Country] ([Name_En], [Name_Ru], [Code]) VALUES (N'Gabon', N'Габон', N'GA')
INSERT [dbo].[Country] ([Name_En], [Name_Ru], [Code]) VALUES (N'Gambia', N'Гамбия', N'GM')
INSERT [dbo].[Country] ([Name_En], [Name_Ru], [Code]) VALUES (N'Georgia', N'Грузия', N'GE')
INSERT [dbo].[Country] ([Name_En], [Name_Ru], [Code]) VALUES (N'Germany', N'Германия', N'DE')
INSERT [dbo].[Country] ([Name_En], [Name_Ru], [Code]) VALUES (N'Ghana', N'Гана', N'GH')
INSERT [dbo].[Country] ([Name_En], [Name_Ru], [Code]) VALUES (N'Gibraltar', N'Гибралтар', N'GI')
INSERT [dbo].[Country] ([Name_En], [Name_Ru], [Code]) VALUES (N'Greece', N'Греция', N'GR')
INSERT [dbo].[Country] ([Name_En], [Name_Ru], [Code]) VALUES (N'Greenland', N'Гренландия', N'GL')
INSERT [dbo].[Country] ([Name_En], [Name_Ru], [Code]) VALUES (N'Grenada', N'Гренада', N'GD')
INSERT [dbo].[Country] ([Name_En], [Name_Ru], [Code]) VALUES (N'Guadeloupe (Fr.)', N'Гваделупа', N'GP')
INSERT [dbo].[Country] ([Name_En], [Name_Ru], [Code]) VALUES (N'Guam (US)', N'Гуам', N'GU')
INSERT [dbo].[Country] ([Name_En], [Name_Ru], [Code]) VALUES (N'Guatemala', N'Гватемала', N'GT')
INSERT [dbo].[Country] ([Name_En], [Name_Ru], [Code]) VALUES (N'Guernsey', N'Гернси', N'GG')
INSERT [dbo].[Country] ([Name_En], [Name_Ru], [Code]) VALUES (N'Guinea', N'Гвинея', N'GN')
INSERT [dbo].[Country] ([Name_En], [Name_Ru], [Code]) VALUES (N'Guinea Bissau', N'Гвинея-Бисау', N'GW')
INSERT [dbo].[Country] ([Name_En], [Name_Ru], [Code]) VALUES (N'Guyana', N'Гвиана', N'GY')
INSERT [dbo].[Country] ([Name_En], [Name_Ru], [Code]) VALUES (N'Guyana (Fr.)', N'Гайана', N'GF')
INSERT [dbo].[Country] ([Name_En], [Name_Ru], [Code]) VALUES (N'Haiti', N'Гаити', N'HT')
INSERT [dbo].[Country] ([Name_En], [Name_Ru], [Code]) VALUES (N'Heard Island and McDonald Islands', N'Острова Херд и Макдональд', N'HM')
INSERT [dbo].[Country] ([Name_En], [Name_Ru], [Code]) VALUES (N'Honduras', N'Гондурас', N'HN')
INSERT [dbo].[Country] ([Name_En], [Name_Ru], [Code]) VALUES (N'Hong Kong', N'Гонконг', N'HK')
INSERT [dbo].[Country] ([Name_En], [Name_Ru], [Code]) VALUES (N'Hungary', N'Венгрия', N'HU')
INSERT [dbo].[Country] ([Name_En], [Name_Ru], [Code]) VALUES (N'Iceland', N'Исландия', N'IS')
INSERT [dbo].[Country] ([Name_En], [Name_Ru], [Code]) VALUES (N'India', N'Индия', N'IN')
INSERT [dbo].[Country] ([Name_En], [Name_Ru], [Code]) VALUES (N'Indonesia', N'Индонезия', N'ID')
INSERT [dbo].[Country] ([Name_En], [Name_Ru], [Code]) VALUES (N'Iran', N'Иран', N'IR')
INSERT [dbo].[Country] ([Name_En], [Name_Ru], [Code]) VALUES (N'Iraq', N'Ирак', N'IQ')
INSERT [dbo].[Country] ([Name_En], [Name_Ru], [Code]) VALUES (N'Ireland', N'Ирландия', N'IE')
INSERT [dbo].[Country] ([Name_En], [Name_Ru], [Code]) VALUES (N'Isle of Man', N'Остров Мэн', N'IM')
INSERT [dbo].[Country] ([Name_En], [Name_Ru], [Code]) VALUES (N'Israel', N'Израиль', N'IL')
INSERT [dbo].[Country] ([Name_En], [Name_Ru], [Code]) VALUES (N'Italy', N'Италия', N'IT')
INSERT [dbo].[Country] ([Name_En], [Name_Ru], [Code]) VALUES (N'Ivory Coast', N'Кот-д''Ивуар', N'CI')
INSERT [dbo].[Country] ([Name_En], [Name_Ru], [Code]) VALUES (N'Jamaica', N'Ямайка', N'JM')
INSERT [dbo].[Country] ([Name_En], [Name_Ru], [Code]) VALUES (N'Japan', N'Япония', N'JP')
INSERT [dbo].[Country] ([Name_En], [Name_Ru], [Code]) VALUES (N'Jersey', N'Джерси', N'JE')
INSERT [dbo].[Country] ([Name_En], [Name_Ru], [Code]) VALUES (N'Jordan', N'Иордания', N'JO')
INSERT [dbo].[Country] ([Name_En], [Name_Ru], [Code]) VALUES (N'Kazachstan', N'Казахстан', N'KZ')
INSERT [dbo].[Country] ([Name_En], [Name_Ru], [Code]) VALUES (N'Kenya', N'Кения', N'KE')
INSERT [dbo].[Country] ([Name_En], [Name_Ru], [Code]) VALUES (N'Kirgistan', N'Кыргызстан', N'KG')
INSERT [dbo].[Country] ([Name_En], [Name_Ru], [Code]) VALUES (N'Kiribati', N'Кирибати', N'KI')
INSERT [dbo].[Country] ([Name_En], [Name_Ru], [Code]) VALUES (N'Korea (North)', N'Корея (Северная)', N'KP')
INSERT [dbo].[Country] ([Name_En], [Name_Ru], [Code]) VALUES (N'Korea (South)', N'Корея (Южная)', N'KR')
INSERT [dbo].[Country] ([Name_En], [Name_Ru], [Code]) VALUES (N'Kosovo', N'Косово', N'  ')
INSERT [dbo].[Country] ([Name_En], [Name_Ru], [Code]) VALUES (N'Kuwait', N'Кувейт', N'KW')
INSERT [dbo].[Country] ([Name_En], [Name_Ru], [Code]) VALUES (N'Laos', N'Лаос', N'LA')
INSERT [dbo].[Country] ([Name_En], [Name_Ru], [Code]) VALUES (N'Latvia', N'Латвия', N'LV')
INSERT [dbo].[Country] ([Name_En], [Name_Ru], [Code]) VALUES (N'Lebanon', N'Ливан', N'LB')
INSERT [dbo].[Country] ([Name_En], [Name_Ru], [Code]) VALUES (N'Lesotho', N'Лесото', N'LS')
INSERT [dbo].[Country] ([Name_En], [Name_Ru], [Code]) VALUES (N'Liberia', N'Либерия', N'LR')
INSERT [dbo].[Country] ([Name_En], [Name_Ru], [Code]) VALUES (N'Libya', N'Ливия', N'LY')
INSERT [dbo].[Country] ([Name_En], [Name_Ru], [Code]) VALUES (N'Liechtenstein', N'Лихтенштейн', N'LI')
INSERT [dbo].[Country] ([Name_En], [Name_Ru], [Code]) VALUES (N'Lithuania', N'Литва', N'LT')
INSERT [dbo].[Country] ([Name_En], [Name_Ru], [Code]) VALUES (N'Luxembourg', N'Люксембург', N'LU')
INSERT [dbo].[Country] ([Name_En], [Name_Ru], [Code]) VALUES (N'Macau', N'Аомынь', N'MO')
INSERT [dbo].[Country] ([Name_En], [Name_Ru], [Code]) VALUES (N'Madagascar', N'Мадагаскар', N'MG')
INSERT [dbo].[Country] ([Name_En], [Name_Ru], [Code]) VALUES (N'Malawi', N'Малави', N'MW')
INSERT [dbo].[Country] ([Name_En], [Name_Ru], [Code]) VALUES (N'Malaysia', N'Малайзия', N'MY')
INSERT [dbo].[Country] ([Name_En], [Name_Ru], [Code]) VALUES (N'Maldives', N'Мальдивы', N'MV')
INSERT [dbo].[Country] ([Name_En], [Name_Ru], [Code]) VALUES (N'Mali', N'Мали', N'ML')
INSERT [dbo].[Country] ([Name_En], [Name_Ru], [Code]) VALUES (N'Malta', N'Мальта', N'MT')
INSERT [dbo].[Country] ([Name_En], [Name_Ru], [Code]) VALUES (N'Marshall Islands', N'Маршалловы Острова', N'MH')
INSERT [dbo].[Country] ([Name_En], [Name_Ru], [Code]) VALUES (N'Martinique (Fr.)', N'Мартиника', N'MQ')
INSERT [dbo].[Country] ([Name_En], [Name_Ru], [Code]) VALUES (N'Mauritania', N'Мавритания', N'MR')
INSERT [dbo].[Country] ([Name_En], [Name_Ru], [Code]) VALUES (N'Mauritius', N'Маврикий', N'MU')
INSERT [dbo].[Country] ([Name_En], [Name_Ru], [Code]) VALUES (N'Mayotte', N'Майотта', N'YT')
INSERT [dbo].[Country] ([Name_En], [Name_Ru], [Code]) VALUES (N'Mexico', N'Мексика', N'MX')
INSERT [dbo].[Country] ([Name_En], [Name_Ru], [Code]) VALUES (N'Micronesia', N'Микронезия', N'FM')
INSERT [dbo].[Country] ([Name_En], [Name_Ru], [Code]) VALUES (N'Moldavia', N'Молдова', N'MD')
INSERT [dbo].[Country] ([Name_En], [Name_Ru], [Code]) VALUES (N'Monaco', N'Монако', N'MC')
INSERT [dbo].[Country] ([Name_En], [Name_Ru], [Code]) VALUES (N'Mongolia', N'Монголия', N'MN')
INSERT [dbo].[Country] ([Name_En], [Name_Ru], [Code]) VALUES (N'Montenegro', N'Черногория', N'ME')
INSERT [dbo].[Country] ([Name_En], [Name_Ru], [Code]) VALUES (N'Montserrat', N'Монтсеррат', N'MS')
INSERT [dbo].[Country] ([Name_En], [Name_Ru], [Code]) VALUES (N'Morocco', N'Морокко', N'MA')
INSERT [dbo].[Country] ([Name_En], [Name_Ru], [Code]) VALUES (N'Mozambique', N'Мозамбик', N'MZ')
INSERT [dbo].[Country] ([Name_En], [Name_Ru], [Code]) VALUES (N'Myanmar', N'Мьянма', N'MM')
INSERT [dbo].[Country] ([Name_En], [Name_Ru], [Code]) VALUES (N'Nagorno-Karabakh Republic', N'Нагорно-Карабахская Республика', N'  ')
INSERT [dbo].[Country] ([Name_En], [Name_Ru], [Code]) VALUES (N'Namibia', N'Намибия', N'NA')
INSERT [dbo].[Country] ([Name_En], [Name_Ru], [Code]) VALUES (N'Nauru', N'Науру', N'NR')
INSERT [dbo].[Country] ([Name_En], [Name_Ru], [Code]) VALUES (N'Nepal', N'Непал', N'NP')
INSERT [dbo].[Country] ([Name_En], [Name_Ru], [Code]) VALUES (N'Netherland Antilles', N'Антильские Острова', N'AN')
INSERT [dbo].[Country] ([Name_En], [Name_Ru], [Code]) VALUES (N'Netherlands', N'Нидерланды', N'NL')
INSERT [dbo].[Country] ([Name_En], [Name_Ru], [Code]) VALUES (N'New Caledonia (Fr.)', N'Новая Каледония', N'NC')
INSERT [dbo].[Country] ([Name_En], [Name_Ru], [Code]) VALUES (N'New Zealand', N'Новая Зеландия', N'NZ')
INSERT [dbo].[Country] ([Name_En], [Name_Ru], [Code]) VALUES (N'Nicaragua', N'Никарагуа', N'NI')
INSERT [dbo].[Country] ([Name_En], [Name_Ru], [Code]) VALUES (N'Niger', N'Нигер', N'NE')
INSERT [dbo].[Country] ([Name_En], [Name_Ru], [Code]) VALUES (N'Nigeria', N'Нигерия', N'NG')
INSERT [dbo].[Country] ([Name_En], [Name_Ru], [Code]) VALUES (N'Niue', N'Ниуэ', N'NU')
INSERT [dbo].[Country] ([Name_En], [Name_Ru], [Code]) VALUES (N'Norfolk Island', N'Норфолк', N'NF')
INSERT [dbo].[Country] ([Name_En], [Name_Ru], [Code]) VALUES (N'Northern Cyprus', N'Турецкая Республика Северного Кипра', N'NC')
INSERT [dbo].[Country] ([Name_En], [Name_Ru], [Code]) VALUES (N'Northern Mariana Isl.', N'Северные Марианские острова', N'MP')
INSERT [dbo].[Country] ([Name_En], [Name_Ru], [Code]) VALUES (N'Norway', N'Норвегия', N'NO')
INSERT [dbo].[Country] ([Name_En], [Name_Ru], [Code]) VALUES (N'Oman', N'Оман', N'OM')
INSERT [dbo].[Country] ([Name_En], [Name_Ru], [Code]) VALUES (N'Pakistan', N'Пакистан', N'PK')
INSERT [dbo].[Country] ([Name_En], [Name_Ru], [Code]) VALUES (N'Palau', N'Палау', N'PW')
INSERT [dbo].[Country] ([Name_En], [Name_Ru], [Code]) VALUES (N'Palestine', N'Палестина', N'PS')
INSERT [dbo].[Country] ([Name_En], [Name_Ru], [Code]) VALUES (N'Panama', N'Панама', N'PA')
INSERT [dbo].[Country] ([Name_En], [Name_Ru], [Code]) VALUES (N'Papua New', N'Папуа — Новая Гвинея', N'PG')
INSERT [dbo].[Country] ([Name_En], [Name_Ru], [Code]) VALUES (N'Paraguay', N'Парагвай', N'PY')
INSERT [dbo].[Country] ([Name_En], [Name_Ru], [Code]) VALUES (N'Peru', N'Перу', N'PE')
INSERT [dbo].[Country] ([Name_En], [Name_Ru], [Code]) VALUES (N'Philippines', N'Филиппины', N'PH')
INSERT [dbo].[Country] ([Name_En], [Name_Ru], [Code]) VALUES (N'Pitcairn', N'Питкэрн', N'PN')
INSERT [dbo].[Country] ([Name_En], [Name_Ru], [Code]) VALUES (N'Poland', N'Польша', N'PL')
INSERT [dbo].[Country] ([Name_En], [Name_Ru], [Code]) VALUES (N'Portugal', N'Португалия', N'PT')
INSERT [dbo].[Country] ([Name_En], [Name_Ru], [Code]) VALUES (N'Puerto Rico', N'Пуэрто-Рико', N'PR')
INSERT [dbo].[Country] ([Name_En], [Name_Ru], [Code]) VALUES (N'Qatar', N'Катар', N'QA')
INSERT [dbo].[Country] ([Name_En], [Name_Ru], [Code]) VALUES (N'Republic of Macedonia', N'Македония', N'MK')
INSERT [dbo].[Country] ([Name_En], [Name_Ru], [Code]) VALUES (N'Republic of Somaliland', N'Сомалиленд', N'  ')
INSERT [dbo].[Country] ([Name_En], [Name_Ru], [Code]) VALUES (N'Republic of the Congo', N'Республика Конго', N'CG')
INSERT [dbo].[Country] ([Name_En], [Name_Ru], [Code]) VALUES (N'Reunion (Fr.)', N'Реюньон', N'RE')
INSERT [dbo].[Country] ([Name_En], [Name_Ru], [Code]) VALUES (N'Romania', N'Румыния', N'RO')
INSERT [dbo].[Country] ([Name_En], [Name_Ru], [Code]) VALUES (N'Russia', N'Россия', N'RU')
INSERT [dbo].[Country] ([Name_En], [Name_Ru], [Code]) VALUES (N'Rwanda', N'Руанда', N'RW')
INSERT [dbo].[Country] ([Name_En], [Name_Ru], [Code]) VALUES (N'Saint Lucia', N'Сент-Люсия', N'LC')
INSERT [dbo].[Country] ([Name_En], [Name_Ru], [Code]) VALUES (N'Samoa', N'Самоа', N'WS')
INSERT [dbo].[Country] ([Name_En], [Name_Ru], [Code]) VALUES (N'San Marino', N'Сан-Марино', N'SM')
INSERT [dbo].[Country] ([Name_En], [Name_Ru], [Code]) VALUES (N'Saudi Arabia', N'Саудовская Аравия', N'SA')
INSERT [dbo].[Country] ([Name_En], [Name_Ru], [Code]) VALUES (N'Senegal', N'Сенегал', N'SN')
INSERT [dbo].[Country] ([Name_En], [Name_Ru], [Code]) VALUES (N'Serbia', N'Сербия', N'RS')
INSERT [dbo].[Country] ([Name_En], [Name_Ru], [Code]) VALUES (N'Seychelles', N'Сейшельские острова', N'SC')
INSERT [dbo].[Country] ([Name_En], [Name_Ru], [Code]) VALUES (N'Sierra Leone', N'Сьерра-Леоне', N'SL')
INSERT [dbo].[Country] ([Name_En], [Name_Ru], [Code]) VALUES (N'Singapore', N'Сингапур', N'SG')
INSERT [dbo].[Country] ([Name_En], [Name_Ru], [Code]) VALUES (N'Slovak Republic', N'Словакия', N'SK')
INSERT [dbo].[Country] ([Name_En], [Name_Ru], [Code]) VALUES (N'Slovenia', N'Словения', N'SI')
INSERT [dbo].[Country] ([Name_En], [Name_Ru], [Code]) VALUES (N'Solomon Islands', N'Соломоновы Острова', N'SB')
INSERT [dbo].[Country] ([Name_En], [Name_Ru], [Code]) VALUES (N'Somalia', N'Сомали', N'SO')
INSERT [dbo].[Country] ([Name_En], [Name_Ru], [Code]) VALUES (N'South Africa', N'Южно-Африканская Республика', N'ZA')
INSERT [dbo].[Country] ([Name_En], [Name_Ru], [Code]) VALUES (N'South Georgia and the South Sandwich Islands', N'Южная Георгия и Южные Сандвичевы острова', N'GS')
INSERT [dbo].[Country] ([Name_En], [Name_Ru], [Code]) VALUES (N'South Ossetia', N'Южная Осетия', N'  ')
INSERT [dbo].[Country] ([Name_En], [Name_Ru], [Code]) VALUES (N'Spain', N'Испания', N'ES')
INSERT [dbo].[Country] ([Name_En], [Name_Ru], [Code]) VALUES (N'Sri Lanka', N'Шри-Ланка', N'LK')
INSERT [dbo].[Country] ([Name_En], [Name_Ru], [Code]) VALUES (N'St. Helena', N'Остров Святой Елены', N'SH')
INSERT [dbo].[Country] ([Name_En], [Name_Ru], [Code]) VALUES (N'St. Pierre & Miquelon', N'Сен-Пьер и Микелон', N'PM')
INSERT [dbo].[Country] ([Name_En], [Name_Ru], [Code]) VALUES (N'St. Tome and Principe', N'Сан-Томе и Принсипи', N'ST')
INSERT [dbo].[Country] ([Name_En], [Name_Ru], [Code]) VALUES (N'St.Kitts Nevis Anguilla', N'Сент-Киттс и Невис', N'KN')
INSERT [dbo].[Country] ([Name_En], [Name_Ru], [Code]) VALUES (N'St.Vincent & Grenadines', N'Сент-Винсент и Гренадины', N'VC')
INSERT [dbo].[Country] ([Name_En], [Name_Ru], [Code]) VALUES (N'Sudan', N'Судан', N'SD')
INSERT [dbo].[Country] ([Name_En], [Name_Ru], [Code]) VALUES (N'Suriname', N'Суринам', N'SR')
INSERT [dbo].[Country] ([Name_En], [Name_Ru], [Code]) VALUES (N'Svalbard & Jan Mayen Is', N'Свальбард', N'SJ')
INSERT [dbo].[Country] ([Name_En], [Name_Ru], [Code]) VALUES (N'Swaziland', N'Свазиленд', N'SZ')
INSERT [dbo].[Country] ([Name_En], [Name_Ru], [Code]) VALUES (N'Sweden', N'Швеция', N'SE')
INSERT [dbo].[Country] ([Name_En], [Name_Ru], [Code]) VALUES (N'Switzerland', N'Швейцария', N'CH')
INSERT [dbo].[Country] ([Name_En], [Name_Ru], [Code]) VALUES (N'Syria', N'Сирия', N'SY')
INSERT [dbo].[Country] ([Name_En], [Name_Ru], [Code]) VALUES (N'Tadjikistan', N'Таджикистан', N'TJ')
INSERT [dbo].[Country] ([Name_En], [Name_Ru], [Code]) VALUES (N'Taiwan', N'Тайвань', N'TW')
INSERT [dbo].[Country] ([Name_En], [Name_Ru], [Code]) VALUES (N'Tamil Eelam', N'Тамил-Илам', N'  ')
INSERT [dbo].[Country] ([Name_En], [Name_Ru], [Code]) VALUES (N'Tanzania', N'Танзания', N'TZ')
INSERT [dbo].[Country] ([Name_En], [Name_Ru], [Code]) VALUES (N'Thailand', N'Таиланд', N'TH')
INSERT [dbo].[Country] ([Name_En], [Name_Ru], [Code]) VALUES (N'Togo', N'Того', N'TG')
INSERT [dbo].[Country] ([Name_En], [Name_Ru], [Code]) VALUES (N'Tokelau', N'Токелау', N'TK')
INSERT [dbo].[Country] ([Name_En], [Name_Ru], [Code]) VALUES (N'Tonga', N'Тонга', N'TO')
INSERT [dbo].[Country] ([Name_En], [Name_Ru], [Code]) VALUES (N'Transnistria', N'Приднестровье', N'  ')
INSERT [dbo].[Country] ([Name_En], [Name_Ru], [Code]) VALUES (N'Trinidad & Tobago', N'Тринидад и Тобаго', N'TT')
INSERT [dbo].[Country] ([Name_En], [Name_Ru], [Code]) VALUES (N'Tunisia', N'Тунис', N'TN')
INSERT [dbo].[Country] ([Name_En], [Name_Ru], [Code]) VALUES (N'Turkey', N'Турция', N'TR')
INSERT [dbo].[Country] ([Name_En], [Name_Ru], [Code]) VALUES (N'Turkmenistan', N'Туркменистан', N'TM')
INSERT [dbo].[Country] ([Name_En], [Name_Ru], [Code]) VALUES (N'Turks and Caicos Islands', N'Тёркс и Кайкос', N'TC')
INSERT [dbo].[Country] ([Name_En], [Name_Ru], [Code]) VALUES (N'Tuvalu', N'Тувалу', N'TV')
INSERT [dbo].[Country] ([Name_En], [Name_Ru], [Code]) VALUES (N'Uganda', N'Уганда', N'UG')
INSERT [dbo].[Country] ([Name_En], [Name_Ru], [Code]) VALUES (N'Ukraine', N'Украина', N'UA')
INSERT [dbo].[Country] ([Name_En], [Name_Ru], [Code]) VALUES (N'United Arab Emirates', N'Объединенные Арабские Эмираты', N'AE')
INSERT [dbo].[Country] ([Name_En], [Name_Ru], [Code]) VALUES (N'United Kingdom (Great Britain)', N'Великобритания', N'GB')
INSERT [dbo].[Country] ([Name_En], [Name_Ru], [Code]) VALUES (N'United States', N'Соединенные Штаты Америки', N'US')
INSERT [dbo].[Country] ([Name_En], [Name_Ru], [Code]) VALUES (N'United States Minor Outlying Islands', N'Внешние малые острова (США)', N'UM')
INSERT [dbo].[Country] ([Name_En], [Name_Ru], [Code]) VALUES (N'Uruguay', N'Уругвай', N'UY')
INSERT [dbo].[Country] ([Name_En], [Name_Ru], [Code]) VALUES (N'Uzbekistan', N'Узбекистан', N'UZ')
INSERT [dbo].[Country] ([Name_En], [Name_Ru], [Code]) VALUES (N'Vanuatu', N'Вануату', N'VU')
INSERT [dbo].[Country] ([Name_En], [Name_Ru], [Code]) VALUES (N'Vatican City State', N'Ватикан', N'VA')
INSERT [dbo].[Country] ([Name_En], [Name_Ru], [Code]) VALUES (N'Venezuela', N'Венесуэла', N'VE')
INSERT [dbo].[Country] ([Name_En], [Name_Ru], [Code]) VALUES (N'Vietnam', N'Вьетнам', N'VN')
INSERT [dbo].[Country] ([Name_En], [Name_Ru], [Code]) VALUES (N'Virgin Islands (British)', N'Виргинские Острова (Британские)', N'VG')
INSERT [dbo].[Country] ([Name_En], [Name_Ru], [Code]) VALUES (N'Virgin Islands (US)', N'Виргинские Острова (США)', N'VI')
INSERT [dbo].[Country] ([Name_En], [Name_Ru], [Code]) VALUES (N'Wallis & Futuna Islands', N'Острова Уоллис и Футуна', N'WF')
INSERT [dbo].[Country] ([Name_En], [Name_Ru], [Code]) VALUES (N'Western Sahara', N'Западная Сахара', N'EH')
INSERT [dbo].[Country] ([Name_En], [Name_Ru], [Code]) VALUES (N'Yemen', N'Йемен', N'YE')
INSERT [dbo].[Country] ([Name_En], [Name_Ru], [Code]) VALUES (N'Zambia', N'Замбия', N'ZM')
INSERT [dbo].[Country] ([Name_En], [Name_Ru], [Code]) VALUES (N'Zimbabwe', N'Зимбабве', N'ZW')